B07NJQ89D5,2022,1,20,head and shoulders,name brand,dandruff shampoo,good value,brand name,itchy scalp,pyrithione zinc,pump dispenser,dry scalp,great value,like head,smells good,pleasant scent,pleasantly surprised,inside the box,smells nice,much better,pump bottle,great price,works great
B00WDR9SZQ,2022,1,20,sulfate free,hair food,argan oil,smells great,best shampoo,smells good,hair soft,color treated,goes a long,shampoo i have ever,little goes,dye free,argan and avocado,long way,pump dispenser,works well,shoulder length,new favorite,shampoos and conditioners,love love love
B07N3BN1KS,2022,1,20,sulfate free,rose water,color treated,hair feeling,smells good,love the scent,love the smell,highly recommend,conditioner set,treated hair,soft and manageable,like roses,stopped using,new favorite,every day,soft and shiny,long time,shampoos and conditioners,smells like,silky smooth
B07WPFYX44,2022,1,20,head and shoulders,dry scalp,smells good,argan oil,rose essence,itchy scalp,hair soft,rose scent,works great,hair feeling,dandruff shampoo,decided to give,regular head,started using,highly recommend,hair loss,regrowth treatment,soft and shiny,new line,much better
B000MD65FO,2022,1,20,tea tree,paul mitchell,tree oil,dry scalp,highly recommend,itchy scalp,mitchell tea,tree special,plastic bag,every day,great shampoo,head and shoulders,oily hair,real deal,long time,body wash,shampoo ever,tingling sensation,favorite shampoo,inside the box
B08BTNS4K8,2022,1,20,argan oil,smooth and silky,great value,hair soft,soft and silky,hair feeling,great deal,makes my hair,heavy and oily,tresemme shampoo,smells nice,use conditioner,works great,dry hair,bottles of shampoo,smells great,amount of shampoo,shampoo lathers,leaves my hair,oily hair
B0842YG95G,2022,1,20,total repair,highly recommend,damaged hair,or√©al paris,love this shampoo,elvive total,paris elvive,soft and shiny,color treated,curly hair,hair loss,split ends,started using,changed the formula,hair feeling,smells good,shampoos and conditioners,naturally curly,tangle free,hard water
B008J2GP9G,2022,1,20,sulfate free,argan oil,shampoo and conditioner,absolutely love,hair loss,hair fall,long time,little goes,hair feeling,goes a long,love this shampoo,much better,without stripping,super soft,subscribe and save,long way,long thick,really good,body wash,love this stuff
B08T47QVNR,2022,1,20,shampoo and conditioner,worth the price,best shampoo,damaged hair,worth the money,highly recommend,long way,makes my hair,see a difference,color treated,started using,feel like,goes a long,hair never,dime size,silky smooth,super soft,need a dime,blow dry,worth every
B00ILBUEVK,2022,1,20,color treated,treated hair,shampoo and conditioner,best shampoo,hair soft,love this shampoo,long time,travel size,sulfate free,really like,love the smell,goes a long,long way,soft and shiny,worth the money,hair feeling,great shampoo,small amount,every day,stopped using
B0007CXXYG,2022,1,20,paul mitchell,awapuhi shampoo,best shampoo,mitchell awapuhi,years ago,body wash,real deal,smells good,small amount,smells great,highly recommend,using this shampoo for years,everyday,real thing,sensitive skin,shampoo ever,long time,smells like,squeaky clean,every time
B074VLGVJ3,2022,1,20,leaves my hair,smells good,shampoo and conditioner,started using,soft and silky,smells great,hair soft,good value,great price,works well,leave in conditioner,subscribe n save,smells nice,grow strong,definitely buy,highly recommend,everything else,pump bottle,goes a long,curly hair
B01M2DNKV7,2022,1,20,long time,shampoo and conditioner,like the smell,using it for years,works well,leaves hair,favorite shampoo,great value,smells great,good value,oily hair,hair clean,makes my hair,love this shampoo,shampoo brand and i love,shampoos,bottles,dry,moisture,scent
B00FH692PQ,2022,1,20,hair loss,anti-hair loss,gold label,argan oil,highly recommend,everyday,hair growth,hair fall,premium organic,thinning hair,second bottle,recommend it to anyone,pura premium,blue label,far so good,natural ingredients,smells good,new hair growth,dht blockers,long time
B07F38LXDM,2022,1,20,head and shoulders,every day,dandruff shampoo,anti dandruff,great value,oily hair,good value,tried so many,treatment and scalp,long time,started using,scalp care,using for over 30 years,use every,shampoo anti,favorite shampoo,great price,good price,great shampoo,like this shampoo
B07BVKK11Q,2022,1,20,pure clean,oily hair,smells good,squeaky clean,hair feeling,cleans well,fructis pure,great price,clean fresh,clarifying shampoo,smells amazing,works well,great shampoo,sensitive skin,good value,pretty good,great value,everyday,feel like,dry hair
B07CJMJS3L,2022,1,20,head and shoulders,subscribe save,dandruff shampoo,works great,great value,good value,bottles,pump,scalp,shampoos,smell,brands,expensive,helps,leaking,loose,name,savings,scent,shower
B08833JPSD,2022,1,20,squeaky clean,smells amazing,clarifying shampoos,destress clarifying,deep conditioner,feeling squeaky,use it once a week,long way,paraben and dye,lathers well,great job,thick wavy,really nice,dye free,highly recommend,goes a long,use a lot,fine hair,great clarifying,rinses out easily
B07M6HP787,2022,1,20,shea moisture,manuka honey,shea butter,feel like,works very well,even dryer,shampoo and conditioner,smells good,works great,type 4 hair,used the shampoo,hair soft,moisture so it works,stuff love,really good,leave my hair,dry hair,hair mask,smells great,hair and leaves
B094KVYZSC,2022,1,20,hydration spa,spa therapy,works well,hyaluronic acid,hyaluronic serum,dry hair,therapy shampoo,hair feeling,feel like,soft and shiny,shampoo with hyaluronic,hair clean,leaves my hair,using this shampoo,well really,bottle of shampoo,shampoo gives a good,hair soft,hair is not as dry,scent
B086S4Q7JH,2022,1,20
B000TGC8D2,2022,1,20,tea tree,tree oil,dry scalp,itchy scalp,paul mitchell,smells like,tree mint,sulfate free,hair feeling,smells good,love the smell,curly hair,every day,ice cream,highly recommend,waste of money,hair loss,girl scout,feel like,started using
B07NQ69L7P,2022,1,20,argan oil,herbal essences,highly recommend,smells good,hair soft,shampoos and conditioners,sulfate free,oil of morocco,love the smell,hair feeling,curly hair,hair loss,color treated,little bit,conditioner set,repairing argan,love the scent,really like,soft and shiny,long time
B08LHXJTDW,2022,1,20,shampoo,value,bottle,decent,leaves,smells
B088ZZYMK2,2022,1,20,color treated,love this shampoo,treated hair,goes a long,highly recommend,long way,small amount,worth the money,hair soft,long time,hair feeling,tried many,favorite shampoo,great shampoo,shampoos and conditioners,every penny,hydrate shampoo,little goes,hair loss,anything else
B07D37PQGL,2022,1,20,goes a long,little goes,small amount,highly recommend,best shampoo,ever used,shampoo ever,damaged hair,worth the money,love this shampoo,worth the price,fine hair,long time,dime size,split ends,hair fall,color treated,started using,little bit,tiny bit
B0007X749U,2022,1,20,highly recommend,dry and brittle,love this shampoo,super soft,color treated,dry hair,hair feeling,argan oil,using for years,long way,goes a long,feel like,makes my hair,shampoos and conditioners,little goes,smells amazing,real deal,real thing,curly hair,heavy cream
B01LZG17UO,2022,1,20,sulfate free,shampoos and conditioners,value for the money,leaves my hair,highly recommend,good value,moisture renewal,great price,great smell,works well,hair soft,arrived on time,color treated,great value,dry hair,large size,always loved,wash my hair,makes my hair,smells great
B003ZKLCAE,2022,1,20,shampoo and conditioner,highly recommend,like straw,conditioner made,love the smell,dry scalp,smell is not great,makes my hair,wash my hair,feel like,hair looks,hair feeling,shampure shampoo,love this shampoo,great in my hair,conditioner made my hair,smells,natural,scent,leaked
B06Y2DT2GJ,2022,1,20,argan oil,highly recommend,sulfate free,curly hair,moroccan argan,shampoos and conditioners,smells good,keratin treatment,super soft,color treated,silky smooth,hair feeling,goes a long,hair loss,conditioner set,every day,long way,definitely recommend,little goes,dry and brittle
B0087PWY86,2022,1,20,tested this product for free,free but my opinions,free from influenster,moisture renewal,hair feeling,testing purposes,received this product for free,definitely recommend,great smell,dry scalp,highly recommend,use conditioner,smells good,several times,pleasantly surprised,curly hair,little goes,influenster but all opinions,much better,shampoos and conditioners
B0038TXGL0,2022,1,20,shea moisture,curly hair,shampoo and conditioner,love this shampoo,every day,coconut and hibiscus,sulfate free,absolutely love,hair feeling,curl and shine,wavy hair,ever used,love the smell,hair soft,thick curly,smells good,enhancing smoothie,highly recommend,much better,waste of money
B0934589WQ,2022,1,20
B00ILBUEVK,2022,1,20,color treated,treated hair,shampoo and conditioner,best shampoo,hair soft,love this shampoo,long time,travel size,sulfate free,really like,love the smell,goes a long,long way,soft and shiny,worth the money,hair feeling,great shampoo,small amount,every day,stopped using
B01INE0KAY,2022,1,20,body wash,smells good,great price,shampoo and conditioner,great deal,price i love,love the fresh smell,daily shampoo,good price,great shampoo,dry,moisturizing,bottles,smooth,leaked,perfume,sale,scalp,shampoos,cleans
B00ANSD2LI,2022,1,20,living proof,fine hair,long way,goes a long,shampoo and conditioner,small amount,air dry,worth the money,full and shiny,favorite shampoo,hair feels,wash my hair,look and feel,best shampoo,long time,proof full,give my hair,make my hair,thin hair,shampoo using
B08BTKBVWT,2022,1,20,clean and pure,shampoo and conditioner,small amount,every day,highly recommend,hair oil,color treated,curly hair,wash my hair,sulfate free,pure clarifying,salon quality,long time,soft and manageable,hair feeling,dyes or parabens,next day,works well,clarifying shampoos,hair care
B002KG28PW,2022,1,20,coconut milk,sulfate free,curly hair,highly recommend,works well,goes a long,little goes,dmdm hydantoin,hair soft,smells good,hair feeling,started using,hair loss,love this shampoo,feel like,long way,love love love love love,coconut smell,pump bottle,favorite shampoo
B07HMVMTN6,2022,1,20,apple cider,cider vinegar,itchy scalp,oily hair,every day,soft and shiny,highly recommend,dry scalp,clarifying shampoo,hair feeling,smells good,sulfate free,hard water,tea tree,really like,love this shampoo,works great,shampoos and conditioners,decided to try,hair shiny
B08BTMXSG6,2022,1,20,moisture rich,dry hair,hair feeling,every day,great shampoo,great price,hard water,moisturizing shampoo,leaves my hair,great value,hair soft,soft and manageable,smells good,use conditioner,silky smooth,inside the box,smells great,feel clean,small amount,good quality
B008OL3UYK,2022,1,20,avalon organics,hair loss,highly recommend,fine hair,thinning hair,every day,thickening shampoo,plastic bag,smells good,hair growth,smells like,tea tree,organics biotin,biotin b-complex,hair feeling,itchy scalp,great shampoo,ever used,biotin b complex,changed the formula
B07F38N6H6,2022,1,20,shampoo and conditioner,love this shampoo,good job,great shampoo,separate shampoo,wash my hair,shampoo i have used,shampoos,shower,step,bottles,scent,combined,dry,healthy,smell,thick,washing
B07N3BN1KS,2022,1,20,sulfate free,rose water,color treated,hair feeling,smells good,love the scent,love the smell,highly recommend,conditioner set,treated hair,soft and manageable,like roses,stopped using,new favorite,every day,soft and shiny,long time,shampoos and conditioners,smells like,silky smooth
B094KT28DV,2022,1,20,nutrient-lock serum,remedy with nutrient-lock,breakage remedy,hair therapy,therapy shampoo,damaged breakage,works well,soft and manageable,using this shampoo,shampoo for damaged,large bottle,fine thin,smells great,fine hair,shampoo and conditioner,smells good,feel like,leaves my hair,cleans my hair,hair feeling
B07HMJTH7G,2022,1,20,itchy scalp,oat milk,sulfonate is not a sulfate,leaves my hair,nourish and moisturize,sensitive scalp,makes my hair,soft and shiny,even though,using this shampoo,sulfate free,super soft,shampoos and conditioners,milk shampoo,hair soft,dry itchy,dry scalp,feels clean,feels better,smells good
B072MGQVG4,2022,1,20
B0009I4MKW,2022,1,20,highly recommend,hair soft,love this shampoo,best shampoo,feel like,waste your money,smells great,paul mitchell,caviar complex,humectress conditioner,works well,long time,smells good,every penny,new formulation,shampoos and conditioners,great shampoo,therappe shampoo,next day,plastic bag
B01CSKTVPO,2022,1,20,leaves hair,great value,love the smell,works well,shampoo and conditioner,great buy,hair feels,works great,hair extremely soft,love this shampoo,great shampoo,shampoos,bottles,shiny,wash,affordable,body,dry,cleans,feeling
B08BTMWBNS,2022,1,20,nutritive solutions,solutions strengthening,intensive repair,keratin actives,damaged hair,strengthening shampoo,clean scent,leaves my hair,shampoo for damaged,hair intensive,makes my hair,hair feels,smell,shampoos,affordable,bottle,smooth,body,silky,wash
B0011DP24Y,2022,1,20,avalon organics,plastic bag,ever used,sensitive skin,lather well,years ago,smells wonderful,allergic reaction,organic shampoo,lavender smell,smells like,love the scent,highly recommend,bad batch,shampoo i have ever,big bottle,tea tree,started using,hair feeling,hair clean
B00C5AHTVQ,2022,1,20,waste of money,hair soft,highly recommend,hair loss,split ends,dmdm hydantoin,love this shampoo,soft and shiny,shampoos and conditioners,long time,therappe and humectress,color treated,started using,dry hair,hair fall,makes my hair,smells like,silky smooth,allergic reaction,great price
B08LHX5QG7,2022,1,20,head and shoulders,tea tree,tree oil,twin pack,dandruff shampoo,leaves my hair,dry scalp,huge bottles,shampoo and conditioner,shampoo twin,infused with tea,flake free,works great,smells nice,good value,pack infused,hair feeling,works very well,love the smell,hair clean
B008OL3WZC,2022,1,20
B00Y068L4W,2022,1,20
B00AINMFAC,2022,1,20,itchy scalp,tea tree,dry scalp,highly recommend,seborrheic dermatitis,hair loss,selsun blue,tried everything,twice a week,every other day,dandruff shampoo,fungal acne,times a week,tree oil,use it every,rid of dandruff,completely gone,really works,really bad,apple cider
B0098QPV3I,2022,1,20,moroccanoil,shampoo and conditioner,hydrating shampoo,long way,hair soft,goes a long,small amount,ever used,waste of money,like straw,feel like,best shampoo,highly recommend,love this shampoo,love the smell,hair feeling,shampoo ever,buyer beware,curly hair,sulfate free
B000RK9XLA,2022,1,20,smells good,leaves my hair,shampoo,bottle,smell
B00WDR9SZQ,2022,1,20,sulfate free,hair food,argan oil,smells great,best shampoo,smells good,hair soft,color treated,goes a long,shampoo i have ever,little goes,dye free,argan and avocado,long way,pump dispenser,works well,shoulder length,new favorite,shampoos and conditioners,love love love
B07GQM62WM,2022,1,20,x-change fight-fade,color x-change,leaves my hair,last longer,color care,fight-fade color,hair feeling,hair color,feel like,color last,great shampoo,works well,colored hair,color fading,nice shampoo,care shampoo,bright hair,shampoo works,hair clean,shampoo is nice
B08GLJ4RMC,2022,1,20,color treated,love this shampoo,treated hair,goes a long,highly recommend,long way,small amount,worth the money,hair soft,long time,hair feeling,tried many,favorite shampoo,great shampoo,shampoos and conditioners,every penny,hydrate shampoo,little goes,hair loss,anything else
B08LHX596H,2022,1,20,old spice,tea tree,tree oil,shea butter,hair feeling,body wash,lathers well,smells good,african plain,twin pack,easy to use,spice reinvigorate,goes a long,reinvigorate shampoo,long way,shampoo for men,shampoo lathers,plain in the wet,cleans well,head and shoulders
B08P35DNQR,2022,1,20,head and shoulders,shampoo and conditioner,royal oils,cider vinegar,apple cider,coconut oil,curly hair,dandruff shampoo,oil and apple,shoulders royal,conditioner set,highly recommend,worked well,hair soft,dandruff control,pump bottles,vinegar curly,hair feeling,itchy scalp,regular head
B08J115RZL,2022,1,20,head and shoulders,clinical strength,dandruff shampoo,shoulders clinical,strength dandruff,itchy scalp,orange color,cooling menthol,itch relief,twin pack,dry scalp,shampoo set,selenium sulfide,old version,feel like,dandruff control,relief with cooling,itensive itch,little bit,cooling sensation
B08NVK6NS6,2022,1,20,sheamoisture,shampoo and conditioner,honey and yogurt,hydrate repair,manuka honey,makes my hair,hair soft,smells amazing,shea butter,damaged hair,smell is great,curly hair,worked well,feel like,yogurt shea,feel soft,much better,great stuff,hair feeling,used other shea
B07NFSPQ2H,2022,1,20,head and shoulders,old spice,shampoo and conditioner,great value,pure sport,smells great,like old,leaves hair,smells good,works well,last a long,long time,dry scalp,itchy scalp,easy to use,long way,spice scent,bottles to last,husband loves,lathers well
B0857LTYZ2,2022,1,20,minute miracle,curly hair,miracle moist,highly recommend,dry hair,hair feeling,smells so good,paraben free,super soft,really good,great value,naturally curly,years ago,jojoba oil,long time,miracle deep,soft and manageable,soft and shiny,feeling soft,leaves my hair
B07NWZK8PF,2022,1,20,shampoo and conditioner,tea tree,ever used,worth the price,hair and smells,conditioner set,curly hair,love the scent,best shampoo,scalp,dandruff,dry,bottles,lavender,smooth,broken,care,hairdresser,itchy,lasts
B01H6OXQFS,2022,1,20,shampoo and conditioner,leaves my hair,great price,hair feels,makes my hair,love this shampoo,works well,hair soft,smells great,works great,smell,dry,oily,conditioners,helps,shampoos,bottles,cleans,daily,shower
B0007CXY5E,2022,1,20,paul mitchell,leaves my hair,mitchell shampoo,plastic bag,great price,fine hair,every day,shampoo ever,long time,best shampoo,real thing,squeaky clean,works well,works great,smells like,hair feeling,great shampoo,many years,many many many,favorite shampoo
B09H3RK75S,2022,1,20,saw palmetto,small bottles,thinning hair,shampoo,volume,thicker,bottle,smell,conditioner,lathers,dry,pack
B001P1ZEJK,2022,1,20,subscribe and save,works great,shampoo works,hair very soft,dry 4c hair,love this shampoo,conditioner,bottle,expensive,moisturizing,humectant,smell,value,cleans,moisture,beat,scent
B0016JDLO6,2022,1,20,blue malva,white hair,love this shampoo,gray hair,silver hair,long time,lasts a long,every day,goes a long,smells great,long way,get rid,little goes,small amount,brassy tones,local salon,many years,helps keep,great shampoo,best shampoo
B07F39WZQP,2022,1,20,classic clean,long time,leaves hair,oily hair,time and love,favorite shampoo,shampoo works,way my hair,shampoo has a great,hair clean,great shampoo,conditioner,smell,scent,value,greasy,pack,shampoos,bottles,leave
B01IA9DPB8,2022,1,20,find in stores,many years,oily hair,hard to find,leaves my hair,cleans my hair,small amount,makes my hair,squeaky clean,goes a long,long way,every day,hair feels,stores anymore,delivered on time,stores glad,glad amazon still,years ago,feels clean,love prell shampoo
B078H4HXSM,2022,1,20,goes a long,long way,shampoo and conditioner,little goes,love love love,ever used,worth the price,fabfitfun box,shampoo ever,best shampoo,television perfect,love this shampoo,smells great,matching conditioner,feel like,smells amazing,highly recommend,subscription box,perfect hair,hair feeling
B00BGVM95Q,2022,1,20,olive oil,avocado and olive,shampoo and conditioner,goes a long,soft and shiny,long way,love this shampoo,best shampoo,hair soft,little goes,smells great,without drying,great shampoo,highly recommend,chic avocado,works well,african american,split ends,ultra moist,really good
B091DB16R7,2022,1,20
B08NVFFWRV,2022,1,20,shampoo and conditioner,sheamoisture,frizz control,curly hair,power greens,leaves your hair,highly recommend,sulfate free,hair feeling,really well,papaya neroli,conditioner is thick,african american,day frizz,quite a bit,feel like,softer and smoother,hair soft,much better,soft and manageable
B00IK1CJZU,2022,1,20,dry hair,love this shampoo,best shampoo,smells great,great shampoo,highly recommend,works well,shampoo ever,hair soft,long time,hydrasource,little goes,every day,long way,small amount,goes a long,lasts a long,ever used,years ago,shampoos and conditioners
B01ACFFY6C,2022,1,20,shampoo and conditioner,ever used,highly recommend,best shampoo,worth the money,smells great,mega sleek,soft and shiny,favorite shampoo,love this shampoo,curly hair,shampoo ever,frizzy hair,small amount,color treated,makes my hair,really good,hair smooth,love the way,great value
B08BTG8NQC,2022,1,20,coconut and lime,leaves my hair,nourishing secrets,dry hair,coconut and hydration,lime scent,lathers well,secrets shampoo,hair feeling,well and rinses,makes my hair,refreshing scent,smell like,hair soft,hair gets dry,nice scent,shampoo has a very nice,shampoo for dry,shampoo scent,conditioner
B07CJ61W74,2022,1,20,shampoo and conditioner,leaves my hair,real deal,curly hair,love this shampoo,smells great,love loma,highly recommend,green bottle,smells wonderful,hair care,small amount,works well,hair soft,stylist used,moisturizing shampoo,seals were broken,absolute favorite,without weighing,goes a long
B001E51GY4,2022,1,20,shampoo and conditioner,little goes,long way,leaves my hair,drench shampoo,goes a long,color treated,ever used,makes my hair,best shampoo,hair very soft,moisturizing shampoo,hair feels,love this shampoo,hard to squeeze,great shampoo,dry hair,long time,small amount,love love love
B0038TXGL0,2022,1,20,shea moisture,curly hair,shampoo and conditioner,love this shampoo,every day,coconut and hibiscus,sulfate free,absolutely love,hair feeling,curl and shine,wavy hair,ever used,love the smell,hair soft,thick curly,smells good,enhancing smoothie,highly recommend,much better,waste of money
B00IK1CJZU,2022,1,20,dry hair,love this shampoo,best shampoo,smells great,great shampoo,highly recommend,works well,shampoo ever,hair soft,long time,hydrasource,little goes,every day,long way,small amount,goes a long,lasts a long,ever used,years ago,shampoos and conditioners
B01M36CJSJ,2022,1,20,fine hair,makes my hair,love this shampoo,shampoo really,bottles,value,volume
B07H3CZHJ5,2022,1,20,shampoo and conditioner,smells amazing,makes my hair,hair feeling,leaves hair,love this shampoo,smells so good,feel like,hair has never,fine hair,love the smell,smells nice,shampoo smells,hair soft,smells great,great love,day my hair,using this shampoo,shampoo is great,like the shampoo
B00ALV8EL0,2022,1,20,fine hair,weightless moisture,shampoo and conditioner,hydralight weightless,highly recommend,goes a long,without weighing,long way,next day,hydralight,conditioning foam,oily hair,love this shampoo,work well,little goes,items in the same box,used this for years,alv8ejw,alv8ekq,small amount
B08RG15SLJ,2022,1,20
B00EHD9872,2022,1,20,sensitive skin,tear free,shampoo and body,orange vanilla,smells good,highly recommend,smells like,bubble bath,cradle cap,allergic reaction,smells nice,dry skin,like a creamsicle,goes a long,long way,johnson and johnson,feel like,love the smell,little ones,orange creamsicle
B0784NY92P,2022,1,20,beauty and planet,fine hair,cruelty free,love beauty,smells good,hair feeling,hair soft,sulfate free,feel like,thin hair,highly recommend,love love love,everyday,waste of money,love this shampoo,soft and shiny,started using,coconut mimosa,ever used,absolutely love
B08P5Y1TVK,2022,1,20,really like,shea moisture,dry hair,sugarcane extract,paraben free,silicone free,using conditioner,free shampoo,smells good,like this shampoo,hair smells,scent,thick,bottle,shampoos,thin,lathers,moisturizing,smell,sweet
B07NQCBRL1,2022,1,20,leaves hair,hair dry,detangle my hair,shampoo,slip,detangling,curls,smell,bottle,comb,tangled
B00QRSNW40,2022,1,20,argan oil,shampoo and conditioner,extra strength,smells great,smells good,sulfate free,hair soft,worth the money,works great,love love love,fine hair,color treated,dry and frizzy,split ends,curly hair,even though,without making,dry hair,everyday,add any shine
B004CJJO2A,2022,1,20,fine hair,waste your money,best shampoo,highly recommend,great shampoo,goes a long,long way,small amount,shampoo gives,gives volume,use this shampoo,shampoo ever,adds volume,smells great,make my hair,hair looks,thinning hair,hair dry,hair love,hair volume
B01LKZ0Q20,2022,1,20
B017GGC9BI,2022,1,20,thickening shampoo,fine hair,goes a long,shampoo and conditioner,small amount,feel thicker,dallas thickening,worth the money,add volume,long way,little goes,feel like,works well,hair feeling,let it air,love this shampoo,blow drying,noticeable difference,shampoo makes,air dry
B08D4DCB4G,2022,1,20,shampoo and conditioner,damaged hair,treatment masks,long time,color treated,ever used,hair soft,keraphix shampoo,couple of times,definitely recommend,hair feeling,make my hair,last me a very long,best i have ever,time i used,even though,hair treatment,smells like,much better,clarifying shampoo
B00DQSKQXE,2022,1,20,body wash,great value,ginger lily,hair feels,smells amazing,waste of money,pretty good,love the smell,lily farms,leaves my hair,smells good,smells great,smells nice,shampoo and conditioner,hair looks,makes your hair,strip your hair,hard to find,hair dry,definitely recommend
B084LJ5XJ3,2022,1,20,herbal essence,gets my hair,good shampoo,hair clean,like the scent,bottle,dry,scalp,chamomile,dandruff,smells,value
B00C7QH98Q,2022,1,20,shampoo and conditioner,best shampoo,split ends,shampoo ever,huge difference,lasts a long,feel thicker,long time,hair loss,favorite shampoo,hair feel,smells good,great shampoo,feel like,works great smells great,hair is stronger,using this shampoo,hair is very fragile,hair is much,makes my fine hair
B0743CZWCP,2022,1,20,best purple,purple shampoos,highly recommend,bold uniq,blonde hair,dry hair,really works,use gloves,next time,regular shampoo,platinum blonde,definitely recommend,goes a long,second time,worth the money,followed the directions,good conditioner,love love love,ash blonde,let it sit
B01INE0P6I,2022,1,20,shampoo and conditioner,dove men,men care,fast shipping,fresh and clean,sensitive skin,great deal,smell like,works great,makes your hair,smells great,leaves my hair,hair is clean,great shampoo,great value,really like,clean hair,scent,bottles,menthol
B00L00E2NU,2022,1,20,oily hair,highly recommend,every day,best shampoo,hard water,love this shampoo,shampoo ever,squeaky clean,smells great,without washing,normalizing shampoo,goes a long,long way,works great,waste of money,years ago,ever used,twice a week,without drying,dry shampoo
B07BHCB9Y2,2022,1,20,hair loss,highly recommend,thinning hair,hair growth,every day,hair fall,waste of money,new growth,smells like,tea tree,every time,gold label,far so good,natural ingredients,couple months,make sure,smells good,hair feeling,long enough,soft and manageable
B08RG6WLK3,2022,1,20
B0165GYJKY,2022,1,20,curly hair,goes a long,long way,little goes,makes my hair,shampoo and conditioner,best shampoo,love this shampoo,hair feel,smells like,use so much,love curl,great shampoo,hair soft,wavy hair,curl shampoo,shampoo use,bottle,dry,curls
B002N5MKLW,2022,1,20,moroccanoil,moisture repair,repair shampoo,love this shampoo,hair soft,curly hair,color treated,great shampoo,little bit,goes a long,ever used,smells like,damaged hair,highly recommend,best shampoo,long way,smells great,love the smell,hair feeling,worth the price
B07WPFYX44,2022,1,20,head and shoulders,dry scalp,smells good,argan oil,rose essence,itchy scalp,hair soft,rose scent,works great,hair feeling,dandruff shampoo,decided to give,regular head,started using,highly recommend,hair loss,regrowth treatment,soft and shiny,new line,much better
B07T2L6JR1,2022,1,20
B07F38G1RT,2022,1,20,head and shoulders,green apple,great value,smells great,apple scent,leaves the hair,shampoo and conditioner,shoulders shampoo,smell,dandruff,bottles,fake,dry,pump,shampoos,shower
B079RJ4Y7B,2022,1,20,shampoo and conditioner,damaged hair,hair soft,keraphix shampoo,highly recommend,love this shampoo,smells like,every day,love the smell,started using,color treated,best shampoo,curly hair,split ends,great value,severely damaged,little goes,hair feeling,use conditioner,hair loss
B00TYAGMP4,2022,1,20,shampoo and conditioner,hair loss,biotin and collagen,great shampoo,itchy scalp,great value,highly recommend,started using,fine hair,smells good,long time,feel like,hair growth,sulfate free,every day,best shampoo,smells nice,get the pump,soft and shiny,hair feeling
B002WTC3C0,2022,1,20,shampoo and conditioner,highly recommend,damaged hair,hair soft,started using,love this shampoo,every day,color treated,without stripping,extreme shampoo,even though,little bit,dry hair,worth the money,sulfate free,small amount,treated hair,soft and manageable,see a difference,long way
B0752FXRQJ,2022,1,20,fine hair,volume filler,leaves my hair,love this shampoo,adds volume,long time,smells good,strong scent,filler thickening,last a long,every day,highly recommend,great shampoo,makes my hair,blow dry,extra volume,thicker and fuller,works great,fine and thin,pump bottle
B00LSV7ZQ2,2022,1,20,good value,shampoo,scent,aloe,bottle,dispenser,vacation
B07NJQ89D5,2022,1,20,head and shoulders,name brand,dandruff shampoo,good value,brand name,itchy scalp,pyrithione zinc,pump dispenser,dry scalp,great value,like head,smells good,pleasant scent,pleasantly surprised,inside the box,smells nice,much better,pump bottle,great price,works great
B000YDYXBK,2022,1,20
B08P5Y3C6X,2022,1,20,frizz control,sheamoisture,shampoo and not conditioner,control conditioner,says conditioner,hair soft,smell,scent,frizzy,bottle,lather,continue,difference,papaya,apply,consistency,curls,damage,listing,overpowering
B08P5Y9KQG,2022,1,20
B08P5YT5TC,2022,1,20
B0007X749U,2022,1,20,highly recommend,dry and brittle,love this shampoo,super soft,color treated,dry hair,hair feeling,argan oil,using for years,long way,goes a long,feel like,makes my hair,shampoos and conditioners,little goes,smells amazing,real deal,real thing,curly hair,heavy cream
B0067YU4KO,2022,1,20,john frieda,shampoo and conditioner,brilliant brunette,leaves my hair,favorite shampoo,frieda brilliant,waste your money,john freida,color treated,hair soft,men cologne,cheap perfume,multi-tone revealing,smells great,helps maintain,dark brown,using john,little bit,hair color,treated hair
B0891C7XFY,2022,1,20,highly recommend,strength cure,shampoo and conditioner,damaged hair,goes a long,color treated,lathers up well,long way,small amount,spend the money,split ends,really like,makes my hair,strengthening shampoo,treated hair,leaves my hair,super soft,hair soft,need to use,love this shampoo
B082YG62JM,2022,1,20
B09BKNQWYM,2022,1,20
B07NVQVZL4,2022,1,20
B081QK9539,2022,1,20,highly recommend,love this shampoo,goes a long,pleasantly surprised,little goes,silky soft,long way,smells nice,plastic bag,shampoo is great,squeaky clean,smells amazing,clean and clear,clean and pure,oily hair,smells good,drying my hair,hair feels,scent are really nice,feel dry
B016LH9S3A,2022,1,20,color treated,leaves my hair,treated hair,love this shampoo,makes my hair,hair soft,shampoo and conditioner,hair feel,color last,bottle says matrix shampoo,shampoo bottle,dry,scent,smell,colored,salon,shampoos,shiny,authentic,fantastic
B005CWT4W6,2022,1,20,moroccanoil,extra volume,fine hair,volume shampoo,highly recommend,love this shampoo,ever used,smells great,every day,color safe,oil shampoo,smells amazing,fine thin,waste your money,soft and shiny,smells good,shampoo ever,shampoo and conditioner,long time,best shampoo
B077NWRFMK,2022,1,20
B00SD8JO26,2022,1,20
B0861HX1HL,2022,1,20
B086CP746H,2022,1,20,beauty and planet,love beauty,leaves my hair,fine hair,hemp seed,sulfate free,natural ingredients,every day,lathers well,naturally derived,color treated,smells good,smells amazing,long time,coco water,coconut oil,love this shampoo,shampoo and conditioner,thin fine,argan oil
B077RWDFM5,2022,1,20,ylang ylang,beauty and planet,sulfate free,coconut oil,love beauty,smells good,smells great,highly recommend,cruelty free,hair feeling,works well,love this shampoo,oil and ylang ylang,love the smell,environmentally friendly,shoulder length,definitely recommend,curly hair,really like,really wanted
B07XCJSYRT,2022,1,20,argan oil,botanic hearth,highly recommend,shampoos and conditioners,pumps do not work,dry scalp,smells good,conditioner i have ever,sulfate free,soft and manageable,ever used,love this shampoo,feel like,best shampoo,soft and silky,argon oil,soft and shiny,smells great,conditioner set,throw them away
B094F914T6,2022,1,20,shampoo and conditioner,highly recommend,damaged hair,hair soft,started using,love this shampoo,every day,color treated,without stripping,extreme shampoo,even though,little bit,dry hair,worth the money,sulfate free,small amount,treated hair,soft and manageable,see a difference,long way
B08XJWLLKQ,2022,1,20,john frieda,shampoo and conditioner,avocado oil,detox and repair,frieda detox,hair feeling,long way,green tea,goes a long,hard water,smells good,conditioner set,rinses out easily,fine hair,makes my hair,good job,repair shampoo,dry hair,little goes,feeling soft
B00FH692PQ,2022,1,20,hair loss,anti-hair loss,gold label,argan oil,highly recommend,everyday,hair growth,hair fall,premium organic,thinning hair,second bottle,recommend it to anyone,pura premium,blue label,far so good,natural ingredients,smells good,new hair growth,dht blockers,long time
B000BIUGUU,2022,1,20,bumble and bumble,thickening shampoo,fine hair,shampoo and conditioner,bumble and bumble thickening,thinning hair,blow dry,many years,waste your money,ever used,several years,shampoo i have ever,plastic bag,long time,baby fine,fine thin,recommend to anyone,using it for several years,bit expensive,thickness and body
B00ZFNU71Y,2022,1,20,avalon organics,leaves my hair,favorite shampoo,fine hair,love this shampoo,shampoo and conditioner,essential oils,hair clean,every other day,great shampoo,make sure,squeaky clean,wash my hair,hair feel,love the smell,hair growth,shampoo of all time,gentle on my hair,bought this shampoo,hair is still
B07L6SWWRV,2022,1,20,love this shampoo,oily hair,rosemary mint,worth the money,smells great,best shampoo,using this shampoo,made my hair,cleans my hair,shampoo that i can use,clarifying shampoo,shampoo and it smells,shampoo years,great on my hair,great shampoo,shampoo is great,shampoo my hair,expensive,scent,dry
B082YFN2ZK,2022,1,20
B08LHX596H,2022,1,20,old spice,tea tree,tree oil,shea butter,hair feeling,body wash,lathers well,smells good,african plain,twin pack,easy to use,spice reinvigorate,goes a long,reinvigorate shampoo,long way,shampoo for men,shampoo lathers,plain in the wet,cleans well,head and shoulders
B00KWT8E8O,2022,1,20,shampoo and conditioner,makes my hair,smells great,best shampoo,curly hair,hair soft,dry,smooth,healthy,shiny,sulfate
B08J115RZL,2022,1,20,head and shoulders,clinical strength,dandruff shampoo,shoulders clinical,strength dandruff,itchy scalp,orange color,cooling menthol,itch relief,twin pack,dry scalp,shampoo set,selenium sulfide,old version,feel like,dandruff control,relief with cooling,itensive itch,little bit,cooling sensation
B07DTJM47S,2022,1,20,body wash,sensitive skin,smells great,tear free,shampoo and body,cleans well,daughter who has very sensitive,love this soap,love the shampoo,scent,bottle,baby,fragrance,scalp,smell,eyes,helped,toddler,bath,calming
B002WTC3AW,2022,1,20,color extend,color treated,treated hair,makes my hair,shampoo and conditioner,hair soft,extend shampoo,soft and shiny,color-treated hair,highly recommend,hair stylist,hair feeling,love this shampoo,smells great,without stripping,goes a long,cleans my hair,stylist recommended,drug store,works great
B0861HCQLQ,2022,1,20,smells amazing,rose water,leaves my hair,smells so good,pump,bottle,scent,dry,smell
B08P35DNQR,2022,1,20,head and shoulders,shampoo and conditioner,royal oils,cider vinegar,apple cider,coconut oil,curly hair,dandruff shampoo,oil and apple,shoulders royal,conditioner set,highly recommend,worked well,hair soft,dandruff control,pump bottles,vinegar curly,hair feeling,itchy scalp,regular head
B07XB2Q542,2022,1,20,shampoo and conditioner,biotin and collagen,thick and full,hair loss,class action,smells good,extra strength,feel like,love this shampoo,goes a long,extra volume,real deal,since using,little goes,recommend this to anyone,started using,smells great,second time,stay away,waste of money
B097YJZLPR,2022,1,20,john frieda,fine hair,root booster,baby fine,luxurious volume,frieda luxurious,waste of money,highly recommend,spray nozzle,ever used,tried many,john freida,hair soft,curling iron,every day,straight hair,recommend this product to anyone,love love love,fine and straight,dry hair
B091V9TL6R,2022,1,20,color treated,treated hair,shampoo and conditioner,best shampoo,hair soft,love this shampoo,long time,travel size,sulfate free,really like,love the smell,goes a long,long way,soft and shiny,worth the money,hair feeling,great shampoo,small amount,every day,stopped using
B091V8JN2Q,2022,1,20
B012HPGFIQ,2022,1,20,shampoo and conditioner,tea tree,fine hair,thinning hair,hair loss,smells like,started using,feel thicker,look and feel,small amount,minty smell,cleans well,hair fall,thicken hair,well worth,makes my hair,using it for a month,using this shampoo,thicker and fuller,thin fine
B07KYGWQ7H,2022,1,20,bottles,conditioner,dry,shampoos,smells
B00MBOLWVE,2022,1,20,shampoo and conditioner,love this shampoo,highly recommend,great value,hair soft,works well,body wash,smells good,color treated,great price,sulfate free,coconut oil,coconut scent,smells like,changed the formula,nothing like,even though,leaves my hair,chemical smell,strong chemical
B07SRFXWXQ,2022,1,20,dry shampoo,best dry,white residue,shampoo ever,travel size,tried many,white powder,leaves white,worth the money,brown hair,living proof,without washing,scotch tape,love this dry,works well,dark brown,oily hair,last long,shampoo i have tried,sample size
B019FGCTVM,2022,1,20,great value,hour fragrance,oily hair,value for the money,makes my hair,works well,good value,smells good,get what you pay,smells great,shampoo and conditioner,hair so soft,new formula,got one bottle,great deal,clarifying shampoo,love this shampoo,cheap shampoo,smell like,well it cleans
B019WYTRN0,2022,1,20,hair loss,hair growth,started using,shampoos and conditioners,waste your money,fertile roots,highly recommend,essential oils,diamond strong,organic shampoo,sensual bliss,loss prevention,hair oil,high quality,every day,goes a long,hair care,super thick,split ends,color treated
B07G2JYLTS,2022,1,20
B01MFGP4ET,2022,1,20,split ends,dry hair,oil treatment,treatment serum,smells amazing,hair oil,argan oil,wet or dry,end repair,makes my hair,shampoo and conditioner,frizzy hair,highly recommend,small amount,less frizzy,long time,feeling soft,nourishing oil,great value,great shampoo
B013SRDRBA,2022,1,20,total miracle,miracle collection,really like,like straw,shampoo and conditioner,smells great,makes my hair,hair soft,great stuff,wash my hair,collection shampoo,hair clean,clean and soft,hair was dry,smell of this shampoo,hair care,great price,leaves my hair,great shampoo,ends of my hair
B01ENS2FY8,2022,1,20,leaves your hair,every penny,bain satin,dry hair,expensive but worth,worth every,best shampoo,real thing,slightly dry,soft and shiny,shampoo ever,much better,great shampoo,big bottle,makes my hair,using this shampoo,great product and a great,shampoo that smells,hair feels,shampoo leaves
B00IW2AYN6,2022,1,20,fine hair,shampoo and conditioner,best shampoo,leaves my hair,volume bloom,goes a long,great shampoo,works well,little goes,highly recommend,every other day,long way,ever used,small amount,shampoo ever,blow dry,love this shampoo,love the smell,waste your money,matching conditioner
B071LF1KKY,2022,1,20,color treated,hair feel,leaves my hair,makes my hair,treated hair,hair so soft,shampoo,conditioner,beware,expensive,healthy,shine
B00OKQ0F4Q,2022,1,20,every day,favorite shampoo,love this shampoo,hair feeling,highly recommend,leaves my hair,long time,makes your hair,every penny,goes a very long,stylist recommended,nounou conditioner,long way,worth every,soft and shiny,dry hair,shampoo ever,shampoo and conditioner,damaged hair,ever use
B015ZOXXS6,2022,1,20,coal tar,head and shoulders,seborrheic dermatitis,tar shampoo,itchy scalp,smells like,every other day,highly recommend,scalp psoriasis,really bad,lingering smell,tried everything,weeks of using,rid of dandruff,worked time and time,works well,smells bad,get dandruff,shampoo that works,shampoo smell
B007PV7HHG,2022,1,20
B01J3BD0M6,2022,1,20,macujo method,ultra clean,hair follicle,waste of money,aloe rid,drug test,follicle test,highly recommend,stopped smoking,hair test,follow directions,good luck,heavy smoker,make sure,washed my hair,worth the money,worth every,still failed,every penny,light user
B000S97MH2,2022,1,20
B08GLJ41W7,2022,1,20,smooth perfection,shampoo and conditioner,bottle,scent,smell,changed,packaging,purology
B076JK8PXX,2022,1,20
B0891BG2PY,2022,1,20,small amount,shampoo and conditioner,color treated,treated hair,leaves my hair,regular hydrate,makes my hair,hydrate sheer,smells like,smells great,hydrate shampoo,great shampoo,washed my hair,received the shampoo,hair feeling,best shampoo,shampoo  i have used,bottle of shampoo,shampoo for years,hair is so soft
B01DX8O092,2022,1,20
B06ZXS1HXR,2022,1,20
B09DT9WFV5,2022,1,20
B084RMKLYT,2022,1,20
B089256TRC,2022,1,20
B094F4PT6F,2022,1,20,purple shampoos,works great,brassy tones,highly recommend,blonde hair,best purple,extend blondage,color extend,use it once a week,worth the money,shampoo ever,gets rid,goes a long,leave in for 5 minutes,twice a week,let it sit,smells good,dry my hair,long way,color extend blondage color depositing
B01M5KZQF6,2022,1,20,coconut oil,smells amazing,smells good,curly hair,sulfate free,feel like,damaged hair,works great,love the smell,damage remedy,hair feeling,dry hair,works well,waste of money,extra strength,every day,super soft,highly recommend,coconut scent,like straw
B094F7D4HS,2022,1,20,color treated,shampoo and conditioner,hair soft,leaves my hair,color extend,sulfate free,treated hair,extend magnetics,little goes,goes a long,using this shampoo,long way,waste your money,highly recommend,smells good,magnetics conditioner,used this product for years,smells great,hair feeling,works great
B07CVPCX9X,2022,1,20,purple shampoos,works great,brassy tones,highly recommend,blonde hair,best purple,extend blondage,color extend,use it once a week,worth the money,shampoo ever,gets rid,goes a long,leave in for 5 minutes,twice a week,let it sit,smells good,dry my hair,long way,color extend blondage color depositing
B0891CB94B,2022,1,20,strength cure,shampoo and conditioner,smells good,cure strengthening,color treated,every penny,makes my hair,ever used,worth every,worth the money,highly recommend,strengthening conditioner,smells amazing,damaged color-treated,long time,hair feeling,treated hair,price point,feeling soft,damaged hair
B07NP415LR,2022,1,20,tea tree,triple treat,leaves my hair,itchy scalp,tree oil,tree triple,highly recommend,works well,clarifying shampoo,love this shampoo,cruelty free,feel like,curly girl,squeaky clean,shampoo and conditioner,dry hair,tingling sensation,lathers well,girl method,smooth as silk
B0089FCQ4Q,2022,1,20,shampoo and conditioner,bumble and bumble,fine hair,hair feels,shampoo is great,dry,salon,smell,apply,everyday,expensive,gentle,note,seaweed,shampoos,shine,watered
B009V0Z4T2,2022,1,20,shampoo and conditioner,makes my hair,argan oil,leaves my hair,love love,hair soft,brazilian keratin,highly recommend,fine hair,chic brazilian,like straw,using the shampoo,hair feeling,best shampoo,like the shampoo,smells great,love smells,colored hair,curly hair,dry hair
B00UTUTURK,2022,1,20,best shampoo,hair hair,amount,daily,damaged,repair,bottle,brands,dry,expensive,healthy
B001ARP2LY,2022,1,20,ever used,best shampoo,shampoo i have ever,makes my hair,smells good,momo conditioner,great shampoo,goes a long,shampoo and conditioner,little goes,long way,hair so soft,dry hair,hair feeling,leaves hair,keeps my hair,momo shampoo,curly hair,hair tends,shampoo for dry
B084LHNR57,2022,1,20,rose scent,smells good,shampoo and conditioner,leaves my hair,smells great,loves this shampoo,pump,dry,smell,missing,shampoos
B07G3HT2G9,2022,1,20,apple cider,hair shiny,shampoo and conditioner,love this shampoo,scalp,lathers,smell,results,thick,cost,dry,leaves,phillip,scent,shampoos,wash
B091K3N274,2022,1,20,shampoo and conditioner,worth the money,moroccan oil,goes a long,works great,long way,smells amazing,thick wavy,little goes,like the scent,love the smell,use there is too much,hair soft,smells great,makes your hair,hair feeling,wavy hair,wash my hair,hair has never,hair love
B00JGQ5RMU,2022,1,20
B00C5AHTAC,2022,1,20,color treated,sulfate free,color assure,treated hair,highly recommend,smells great,hair feeling,feel like,long time,every other day,works great,soft and manageable,matter how much,ever used,worst shampoo,shampoo i have ever,going back,works well,hair color,hair greasy
B07L8NSBXC,2022,1,20
B08SSCH7YR,2022,1,20,fine hair,high rise,volume injection,injection shampoo,paraben free,easy to hold,shampoo and conditioner,leaves my hair,works well,shampoo for fine,adds volume,hair is fine,cleans well,smells good,lift and swing and body,thin hair,fine and thin,make my hair,hair a nice,give me more volume
B08P66Q9TK,2022,1,20,shampoo and conditioner,acidic bonding,conditioner and leave,leave in conditioner,bonding concentrate,goes a long,waste your money,split ends,little goes,long way,travel size,lathers well,leaves my hair,damaged hair,color treated,hard water,naturally curly,every 3 weeks,bonding shampoo,concentrate shampoo
B002WTC3C0,2022,1,20,shampoo and conditioner,highly recommend,damaged hair,hair soft,started using,love this shampoo,every day,color treated,without stripping,extreme shampoo,even though,little bit,dry hair,worth the money,sulfate free,small amount,treated hair,soft and manageable,see a difference,long way
B088ZZYMK2,2022,1,20,color treated,love this shampoo,treated hair,goes a long,highly recommend,long way,small amount,worth the money,hair soft,long time,hair feeling,tried many,favorite shampoo,great shampoo,shampoos and conditioners,every penny,hydrate shampoo,little goes,hair loss,anything else
B076DL1VLG,2022,1,20,argan oil,hair loss,conditioner set,hair growth,biotin and collagen,started using,smells great,highly recommend,smells good,tea tree,give it a try,soft and shiny,super soft,anything else,really like,travel size,blow drying,luseta argan,sulfate free,shampoos and conditioners
B0891BGCKN,2022,1,20,shampoo and conditioner,purple shampoo,makes my hair,hair soft,white hair,blonde,dry,smell,brassy,helps,ulta
B000RYYI7K,2022,1,20,leaves my hair,started using,soft and shiny,great price,sensitive skin,hair feeling,hair looks,smells like,bottle will last,good shampoo,love the smell,love this shampoo,shampoo and conditioner,works great,smells good,makes my hair,thick hair,smells great,dry hair,hair soft
B005DUA4US,2022,1,20,thinning hair,hair loss,started using,using for years,really works,size bottle,bald spot,makes my hair,helped it to grow,stopped falling,like straw,hair growth,several years,stop using,best shampoo,cleanser shampoo,shampoo and conditioner,great shampoo,smells great,hair feels
B00JWSNNRI,2022,1,20,shampoo and conditioner,leaves my hair,highly recommend,dry hair,waste of money,many years,love this shampoo,smells great,best shampoo,long time,ultra hydrasource,works well,hair soft,every cent,stylist recommended,ever used,shampoo for many,makes my hair,real thing,worth every
B08D7J83PZ,2022,1,20,dream lengths,long hair,split ends,smells good,hair soft,highly recommend,started using,soft and shiny,isopropyl alcohol,leave in conditioner,tangle free,best shampoo,haircut cream,castor oil,hair feeling,elvive dream,new favorite,year old,curly hair,damaged hair
B07HRNLW6V,2022,1,20,apple cider,cider vinegar,highly recommend,hair loss,dry scalp,every other day,smells good,like straw,color treated,worth the money,curly hair,split ends,hair fall,love love love,wow shampoo,follow the directions,shampoos and conditioners,couple of weeks,wow apple,every time
B00IYDZVEK,2022,1,20
B08RG1LQGL,2022,1,20
B07XC8H8G7,2022,1,20,coconut water,water based,daily shampoo,based daily,men and women,works well,great shampoo,large size,feel like,smells great,hair and scalp,leaves hair,wash my hair,lathers well,hair feels,feels clean,shampoo for men,hair clean,shampoo and conditioner,based daily shampoo
B004W498AS,2022,1,20,smells great,body wash,works well,highly recommend,seaweed bath,hair soft,love the smell,itchy scalp,second time,never written,oily hair,works great,ever used,smells like,really wanted,long time,love this shampoo,makes my hair,eucalyptus and peppermint,without stripping
B07P48FLP1,2022,1,20
B07HRNLW6V,2022,1,20,apple cider,cider vinegar,highly recommend,hair loss,dry scalp,every other day,smells good,like straw,color treated,worth the money,curly hair,split ends,hair fall,love love love,wow shampoo,follow the directions,shampoos and conditioners,couple of weeks,wow apple,every time
B07BHCB9Y2,2022,1,20,hair loss,highly recommend,thinning hair,hair growth,every day,hair fall,waste of money,new growth,smells like,tea tree,every time,gold label,far so good,natural ingredients,couple months,make sure,smells good,hair feeling,long enough,soft and manageable
B091V8LP57,2022,1,20
B0784P7P16,2022,1,20,sulfate free,beauty and planet,color treated,smells so good,hair feeling,hair soft,color safe,highly recommend,every other day,love beauty,hair loss,soft and shiny,love the scent,love love love,cruelty free,rose scented,smells like,shampoos and conditioners,like roses,treated hair
B08LR3HN72,2022,1,20,old spice,shampoo and conditioner,spice swagger,swagger in-,body wash,long time,in-1 shampoo,last a long,short hair,big bottles,husband loves,smelling great,cedarwood and lime,really like,loves old,separate conditioner,feeling soft,thick hair,much easier,lathers up nicely
B07K92VV2V,2022,1,20,goes a long,long way,argan oil,highly recommend,hair food,smells amazing,little goes,hair oil,smells good,sulfate free,color treated,hair soft,works well,dry ends,soft and shiny,hair feeling,small amount,shampoos and conditioners,without weighing,natural ingredients
B00V5K0C9S,2022,1,20,shampoo and conditioner,anti aging,worth the price,favorite shampoo,tried many,highly recommend,every day,alterna caviar,love this shampoo,caviar anti,worth the money,makes my hair,continue to purchase,smells good,goes a long,really like,best shampoo,several times,absolutely love,moisture shampoo
B07KRBPKLV,2022,1,20
B09BKWCSM6,2022,1,20
B00AAJTDLI,2022,1,20,dove men,men care,smells great,leaves hair,body wash,fresh clean,works well,subscribe and save,pretty good,caffeine and menthol,good shampoo,shampoos and conditioners,job at cleaning,old spice,short hair,really like,menthol and caffeine,smells good,good job,oily hair
B075XLMP1Y,2022,1,20,color extend,extend magnetics,shampoo and conditioner,sulfate free,leaves my hair,color-treated hair,smells good,magnetics shampoo,hair soft,travel size,made a difference,hair feeling,worth the money,great value,color treated,lathers well,good for colored,love this shampoo,colored hair,dyed hair
B0932L3BXK,2022,1,20
B07SXRDCL8,2022,1,20,dry shampoo,best dry,oily hair,white residue,every day,last long,shampoo ever,favorite dry,highly recommend,ever used,without washing,washing my hair,tried many,drug store,dark brown,white powder,living proof,fine oily,days without,fine hair
B07QC43BXB,2022,1,20,sulfate free,color treated,treated hair,feel like,hair feeling,highly recommend,everpure,long time,smells good,great price,smells nice,started using,dyed hair,shampoos and conditioners,soft and manageable,fake fake fake,even though,oreal paris,lathers up nicely,years ago
B008CQHILS,2022,1,20,purple shampoo,great shampoo,hair turned,best silver,silver shampoo,shampoo and conditioner,hair you should use,use a hair,blonde,natural,brassy,market,yellow,grey,tone,highlights,wash
B077BGJ7NP,2022,1,20,shampoo and conditioner,amber rose,great shampoo,love this shampoo,smells amazing,rose scent,smells so good,favorite shampoo,recommend this shampoo,leave my hair,good love,smells great,rose shampoo,hair soft,shampoo is like,made my hair,smell,thick,bottle,dry
B08SSPQGZW,2022,1,20,extreme length,length shampoo,split ends,started using,smells good,shampoo and conditioner,hair growth,highly recommend,help strengthen,big difference,trying to grow,smells like,hair grow,great shampoo,shampoo is clear,long hair,hair loves,help my hair,love this shampoo,damaged hair
B007146A16,2022,1,20,extra strength,head and shoulders,dry scalp,times a week,works great,ever used,shampoo ever,itchy scalp,dandruff,psoriasis,t-gel,gel,smell,flakes,itch,rinse,difference,lather,noticed,control
B07PY962WZ,2022,1,20
B01INE0PJK,2022,1,20,shampoo and conditioner,color care,changed the formula,leaves my hair,curly hair,hair soft,intensive repair,color treated,smells great,works well,dry scalp,smells awful,intense repair,really like,soft and manageable,dry and brittle,feeling soft,feel like,waste your money,using for years
B082G22JGN,2022,1,20,shampoo and conditioner,smells good,cruelty free,smells amazing,hard water,highly recommend,smells great,long hair,work well,shiny and soft,love the smell,fine hair,leaves my hair,long or thick,hair feeling,made my hair,smells like,curly hair,hair silky,thick hair
B07MN4D2BS,2022,1,20
B005IHT8KI,2022,1,20,squeaky clean,neutrogena anti-residue,everyday,highly recommend,hard water,use it every,anti residue,hair feeling,smells like,deep cleaning,every 2 weeks,oily hair,free thanks,goes a long,long way,definitely recommend,started using,long time,curly hair,per week
B00VVS9O6G,2022,1,20,dry shampoo,moroccan oil,smells great,white residue,favorite dry,shampoo ever,smells good,ever used,highly recommend,tried many,white powder,travel size,dark brown,works great,leaves white,brown hair,even though,love this stuff,like i just washed,waste of money
B079TH68RF,2022,1,20,herbal essences,mosa mint,smells amazing,white grapefruit,smells great,hair soft,fine hair,grapefruit and mosa,smells good,long time,highly recommend,real botanicals,love the scent,body envy,hair feeling,grapefruit and mint,feel like,little bit,lathers well,fresh and clean
B07HMK15G9,2022,1,20,dry shampoo,white residue,fresh greens,smells amazing,hair feeling,harsh chemicals,highly recommend,feel like,fine hair,sulfate free,every day,extremely strong,waste your money,dry and brittle,makes my hair,sensitive skin,smells like,really like,itchy scalp,shampoo ever
B0019LP8UQ,2022,1,20,color treated,best shampoo,sulfate free,long way,favorite shampoo,ever used,conditioner i have ever,luxury duo,fine hair,goes a long,treated hair,luxury shampoo,real thing,little goes,anything else,smells amazing,shampoos and conditioners,worth the price,love this shampoo,hair soft
B096H1NYDW,2022,1,20
B075XLMP1Y,2022,1,20,color extend,extend magnetics,shampoo and conditioner,sulfate free,leaves my hair,color-treated hair,smells good,magnetics shampoo,hair soft,travel size,made a difference,hair feeling,worth the money,great value,color treated,lathers well,good for colored,love this shampoo,colored hair,dyed hair
B07NJNZYQT,2022,1,20,shea butter,sensitive skin,butter and oatmeal,great value,body washes,name brand,oatmeal body,highly recommend,goes a long,pleasantly surprised,lightly scented,little goes,smells good,long way,rich lather,good value,even though,great price,decided to try,feeling soft
B08PCRDG51,2022,1,20,old spice,lathers well,cologne scent,spice body,wash for men,smells good,leaves my skin,pump style,aluminum free,long lasting,feeling clean,cleans well,dynasty cologne,black cherry,great value,sized bottles,smells great,dry out my skin,men aluminum,royalty cologne
B07TJG8P1W,2022,1,20,mrs meyers,mrs meyer,oat blossom,rain water,hand soap,sensitive skin,essential oils,dish soap,aloe vera,body washes,lathers well,water scent,feeling soft,plum berry,clean day,smells like,leaves my skin,without leaving,olive oil,good job
B08SCGPG6J,2022,1,20,body wash,leaves skin,small bottle,face wash,citrus scent,body cleanser,cleans,lathers,gentle,hydrating,smell,smooth,lingers,nicely,pump
B07PBTB187,2022,1,20,shea butter,body washes,value for the money,foreign language,great value,good value,variety pack,great price,sensitive skin,skin soft,looking forward,fake fake fake,green tea,butter and vanilla,cucumber and green,made my skin,definitely fake,value for the price,great deal,dry skin
B07VCVDRKG,2022,1,20,body washes,great value,different scents,variety pack,shower gel,value for the money,great deal,great price,smell amazing,sensitive skin,try different,good deal,international version,waste of money,happy with my purchase,long time,dry out my skin,able to try,really good,worth the money
B00MEDOY2G,2022,1,20,sensitive skin,long time,deep moisture,highly recommend,skin soft,smells good,body washes,great value,big bottle,goes a long,long way,best body,last a long,favorite body,great price,love this body,large size,soft and moisturized,easy to use,moisturizing body
B082QB23YG,2022,1,20,smells so good,smells like,body washes,peach and jasmine,peach scent,nourishing serum,white peach,smells amazing,value for its money,long way,leaves my skin,goes a long,lathers well,refreshing white,feel clean,new favorite,looking forward,make sure,forward to trying,smells wonderful
B00BQYF21G,2022,1,20,epsom salt,eucalyptus spearmint,sensitive skin,lathers well,dry skin,smells like,bubble bath,highly recommend,great value,absolutely love,smells good,goes a long,love this body,great price,mens cologne,long time,long way,body washes,shower gel,stress relief
B07CTSS14R,2022,1,20,smells so good,smells like,favorite body,coconut coffee,coffee and coconut,skin soft,goes a long,like coffee,absolutely love,body washes,new favorite,little goes,highly recommend,long way,love this body,love the scent,sensitive skin,body cream,really good,wash smells
B07FK8YR27,2022,1,20,sensitive skin,stress relief,dry skin,leaves my skin,lavender scent,highly recommend,smells great,body washes,relief body,love this body,love the scent,favorite body,skin soft,ever used,like lavender,smells amazing,long time,gentle on skin,skin feels,subscribe and save
B08PFGZBZ7,2022,1,20,sensitive skin,dry skin,highly recommend,long time,bar soap,body washes,green tea,smells amazing,rinses off easily,deep moisture,lathers well,cucumber and green,almond butter,soybean oil,really like,last a long,works well,cocamidopropyl betaine,love this body,soft and moisturized
B01IMEJV5U,2022,1,20,smells good,shampoo and conditioner,long way,goes a long,sensitive skin,little goes,body washes,best body,coconut miracle,coconut scent,ever used,wash ever,shower gel,like coconut,coconut oil,wash smells,smells like,extra creamy,put lotion,super soft
B00SK71SAG,2022,1,20,sensitive skin,works well,body washes,fragrance free,goes a long,love this body,dermatologist recommended,great price,long time,long way,best body,highly recommend,whole family,subscribe and save,little goes,much better,works great,liquid soap,sulfate free,started using
B003ZYKUYY,2022,1,20,ocean breeze,highly recommend,good value,bar soap,smells good,great value,subscribe and save,leaves skin,shower gel,body washes,lathers well,long way,great price,great body,breeze scent,job done,good price,goes a long,without drying,long time
B075X2KL5C,2022,1,20,sensitive skin,fragrance free,itchy skin,body washes,dry itchy,highly recommend,skin relief,started using,great for sensitive,works great,anything else,goes a long,bar soap,active naturals,subscribe and save,recommend to anyone,long way,love this body,much better,little goes
B07J5JNT1P,2022,1,20,peach and orange,orange blossom,smells like,rich lather,body washes,blossom scent,value for money,silky smooth,smells great,last long,leaves skin,good value,dries skin,great price,smell anything,great value,really like,love the smell,skin feels,scent and they really
B07SX2P9G7,2022,1,20,lathers well,body washes,skin feel,highly recommend,silk and magnolia,smells good,goes a long,lasts as long,sensitive skin,great value,long way,dry skin,makes my skin,smells great,leaves skin,good value,feel like,skin feels smooth and soft,like that the pump,really good
